{"schemaVersion": 1, "id": "optimization", "version": "0.2.8 [BETA]", "name": "SmartTweaks", "description": "A lightweight client-side optimization helper that applies per-server performance profiles, dynamic render tweaks and small FPS-friendly adjustments on top of existing performance mods.", "authors": ["Aseity"], "license": "GPL-3.0-or-later", "icon": "assets/optimization/icon.png", "environment": "client", "entrypoints": {"main": ["net.aseity.optimization.Optimization"], "client": ["net.aseity.optimization.Optimization"], "modmenu": ["net.aseity.optimization.integration.OptimizationModMenuIntegration"]}, "depends": {"fabricloader": ">=0.16.0", "minecraft": "1.21.x", "fabric-api": "*"}}